{
  "Solar Rad 1": {
    "variable_name": "Surface Outside Face Incident Solar Radiation Rate per Area",
    "reporting_frequency": "timestep",
    "key_value": "Surface 116",
    "applicable": true
  },
  "Solar Rad 2": {
    "variable_name": "Surface Outside Face Incident Solar Radiation Rate per Area",
    "reporting_frequency": "timestep",
    "key_value": "Surface 110",
    "applicable": true
  },
  "Solar Rad 3": {
    "variable_name": "Surface Outside Face Incident Solar Radiation Rate per Area",
    "reporting_frequency": "timestep",
    "key_value": "Surface 102",
    "applicable": true
  },
  "Solar Rad 4": {
    "variable_name": "Surface Outside Face Incident Solar Radiation Rate per Area",
    "reporting_frequency": "timestep",
    "key_value": "Surface 106",
    "applicable": true
  },
  "Tgnd": {
    "variable_name": "Surface Inside Face Temperature",
    "reporting_frequency": "timestep",
    "key_value": "Surface 101",
    "applicable": true
  },
  "Surface Shading Device Is On Time Fraction N": {
    "variable_name": "Surface Shading Device Is On Time Fraction",
    "reporting_frequency": "timestep",
    "key_value": "Sub Surface 17",
    "applicable": true
  },
  "Surface Shading Device Is On Time Fraction W": {
    "variable_name": "Surface Shading Device Is On Time Fraction",
    "reporting_frequency": "timestep",
    "key_value": "Sub Surface 20",
    "applicable": true
  },
  "Export Solar Rad": {
    "variable_name": "Surface Outside Face Incident Solar Radiation Rate per Area",
    "reporting_frequency": "Zone Timestep",
    "applicable": true
  },
  "Export Tgnd": {
    "variable_name": "Surface Inside Face Temperature",
    "reporting_frequency": "Zone Timestep",
    "applicable": true
  },
  "Export Tamb": {
    "variable_name": "Site Outdoor Air Drybulb Temperature",
    "reporting_frequency": "Zone Timestep",
    "applicable": true
  },
  "Zone Air Temp": {
    "variable_name": "Zone Air Temperature",
    "reporting_frequency": "Zone Timestep",
    "applicable": true
  },
  "Zone Total Internal Total Heating Rate": {
    "variable_name": "Zone Total Internal Total Heating Rate",
    "reporting_frequency": "Zone Timestep",
    "applicable": true
  },
  "Surface Shading Device Is On Time Fraction": {
    "variable_name": "Surface Shading Device Is On Time Fraction",
    "reporting_frequency": "Zone Timestep",
    "applicable": true
  },
  "Zone Ventilation Mass Flow Rate": {
    "variable_name": "Zone Ventilation Mass Flow Rate",
    "reporting_frequency": "Zone Timestep",
    "applicable": true
  },
  "Baseboard Total Heating Rate": {
    "variable_name": "Baseboard Total Heating Rate",
    "reporting_frequency": "Zone Timestep",
    "applicable": true
  }
}